date,Appliances,lights,T1,RH_1,T2,RH_2,T3,RH_3,T4,RH_4,T5,RH_5,T6,RH_6,T7,RH_7,T8,RH_8,T9,RH_9,T_out,Press_mm_hg,RH_out,Windspeed,Visibility,Tdewpoint,rv1,rv2
2016-01-11,136.66666666666666,30.0,20.808571428571433,46.906210317460314,20.153333333333336,44.7931746031746,20.140972222222224,45.99244047619047,19.492222222222228,47.26081349206349,17.977797619047625,59.011785714285715,5.891607142857142,86.3363492063492,17.604027777777773,43.0269246031746,18.722063492063494,49.363968253968245,16.9181746031746,45.106210317460324,5.9226190476190474,735.1738095238095,89.28571428571429,6.083333333333333,40.845238095238095,4.228571428571429,26.248800036375457,26.248800036375457
2016-01-12,85.69444444444444,4.236111111111111,20.09232638888889,45.14201388888889,19.307654525355044,43.779733483144945,19.993645833333332,44.9331712962963,19.772777777777776,44.55684027777778,18.01193865740741,50.5690775462963,5.350387731481481,89.50532986111111,17.909869425905885,41.94417833343354,18.753032561035777,49.90909705378363,17.032847222222223,45.68012731481482,5.566319444444444,742.628125,87.5,5.784722222222222,37.229166666666664,3.5965277777777778,25.505071865983254,25.505071865983254
2016-01-13,97.01388888888889,5.416666666666667,19.197824074074074,42.86777199074074,18.568512561926315,42.11966910115348,19.60921296296296,43.7208912037037,19.009803240740737,42.31517361111111,17.755966435185186,58.00634837962962,4.979861111111111,75.68483796296296,18.024485022597005,40.43687456284071,18.788722342472344,48.61954589956045,16.95357638888889,44.69147569444445,4.856944444444444,754.790625,83.40625,5.614583333333333,31.55902777777778,2.169791666666667,23.46472574394688,23.46472574394688
2016-01-14,151.38888888888889,5.0,20.372077546296296,42.435190972222216,19.743130787037032,40.6991724537037,20.83758101851852,43.399739583333336,18.694270833333334,43.23105324074074,17.610995370370368,58.11701388888889,3.4923668981481475,86.19966435185184,17.946759259259256,40.1256886574074,18.769959490740742,47.29949652777778,16.884814814814817,45.42822916666667,3.4319444444444445,749.7673611111111,86.42013888888889,6.277777777777778,35.14930555555556,1.3166666666666667,25.2645693062934,25.2645693062934
2016-01-15,125.34722222222223,5.972222222222222,22.280949074074073,39.09929398148147,21.528171971450618,38.19389745921517,20.959074074074074,41.40988425925926,19.615127314814814,41.961035879629634,19.02612461419753,52.4902740162037,2.6624189814814816,88.42369791666665,18.247611704403983,39.424901401532836,19.225236929351514,46.03740123891518,17.345694444444444,44.5343287037037,2.665277777777778,754.5798611111111,88.38541666666667,7.770833333333333,40.208333333333336,0.8496527777777777,26.28951543269472,26.28951543269472
2016-01-16,125.27777777777777,7.986111111111111,22.119062500000002,39.925671296296294,21.235582644400353,39.08336419753087,21.02217013888889,42.027424768518514,20.533663194444447,41.797853009259256,19.454545304232802,53.13871169532628,1.7223437500000003,95.61186921296297,19.347295524691358,40.131796337632274,20.33472442680776,46.781564704585534,17.896307870370368,44.3833912037037,2.194097222222222,763.4527777777778,89.64930555555556,3.482638888888889,35.486111111111114,0.5399305555555556,24.912712945095134,24.912712945095134
2016-01-17,142.70833333333334,4.930555555555555,21.755983796296295,39.4488599537037,20.616855167402043,38.15318557233662,21.275428240740737,40.71773148148148,21.016770833333332,39.24072916666667,18.596028984036796,55.24306429247835,-0.6046527777777777,94.71396026234568,20.108433161122193,36.82840803606796,21.320608186277457,44.49661084575147,17.91013310185185,41.41467013888889,0.3927083333333334,764.7444444444444,83.86805555555556,2.2083333333333335,33.920138888888886,-2.2184027777777775,24.431695396358716,24.431695396358716
2016-01-18,93.95833333333333,3.4027777777777777,20.08685185185185,40.86152199074074,18.695811763468015,40.92766098484848,20.001400462962962,40.86184606481481,19.539739583333336,38.199195601851855,18.075194735819736,61.323788462405645,-3.230575947971781,89.63927854938271,19.157629464285712,35.55167860060691,20.277375135281385,44.179899756493505,17.288240740740743,39.00921875,-2.9378472222222225,758.8434027777778,82.22569444444444,2.357638888888889,30.069444444444443,-5.645138888888889,24.603727663634345,24.603727663634345
2016-01-19,83.26388888888889,2.7083333333333335,19.264641203703704,39.71689814814815,17.980555555555558,39.99943865740741,19.39524884259259,40.02728587962963,18.52193287037037,37.66605902777778,16.99171510241302,58.13016159987775,-4.249048170194003,86.08455026455026,17.93062400491552,32.616767417574714,19.65984868394145,42.432219633656,16.689560185185186,38.970358796296296,-2.9291666666666667,757.2506944444444,83.70486111111111,1.0,49.53819444444444,-5.480208333333334,23.631839306472102,23.631839306472102
2016-01-20,114.44444444444444,5.833333333333333,18.54902199074074,38.249832175925924,17.512899305555557,38.21193287037036,18.61879050925926,38.70866319444444,17.352060185185184,37.247187499999995,16.898307718289338,54.53218966332324,-1.2819273589065254,92.75697833994708,16.58925662878788,31.757395066591457,19.570555486123805,42.65652289250328,15.968339120370372,38.78912615740741,-1.621875,760.0645833333333,88.35416666666667,2.017361111111111,58.60069444444444,-3.325,24.437388554037575,24.437388554037575
2016-01-21,92.63888888888889,4.097222222222222,19.039484953703706,38.14932291666666,18.2159375,37.13164351851852,18.656469907407406,39.34710069444444,17.70972222222222,37.345995370370375,17.001395873944123,46.61390620938921,-0.38150462962962933,94.30287615740741,16.60247685185185,31.230922067901233,19.076855709876543,41.51838734567902,15.876846064814812,39.2625925925926,0.17500000000000002,763.6781249999999,80.45833333333333,1.6180555555555556,52.166666666666664,-3.056597222222222,23.163015479399796,23.163015479399796
2016-01-22,45.69444444444444,0.6944444444444444,18.568101851851853,38.81891203703704,17.54238425925926,38.92604166666666,18.619942129629628,39.71402199074074,16.22509259259259,38.88415509259259,16.372939814814814,47.17570216049383,1.4284432870370367,95.20325810185186,16.237164351851852,33.65577039241622,18.11630401234568,43.61502314814814,15.785167824074072,40.77853587962963,1.5989583333333333,762.484375,86.04166666666667,4.517361111111111,41.704861111111114,-0.5840277777777778,26.49106184253469,26.49106184253469
2016-01-23,93.05555555555556,4.861111111111111,17.474103009259256,43.66695601851852,16.730960648148148,43.57693287037037,17.58278935185185,42.102158564814815,15.356111111111112,44.12460648148148,15.480709592267708,49.79092352988953,6.411440972222222,99.89618055555556,15.625497685185188,39.083333333333336,17.36295138888889,47.72571393762183,15.097216435185187,43.47358796296297,5.860416666666667,768.5020833333333,97.06944444444444,3.8333333333333335,30.385416666666668,5.422916666666667,24.992688927725087,24.992688927725087
2016-01-24,150.27777777777777,9.930555555555555,19.80964699074074,43.62611111111111,19.144542824074072,42.72663194444445,19.545028935185186,44.771898148148146,17.491047453703704,46.31651041666667,16.92103009259259,58.39623456790124,7.126348379629629,99.9,15.787084490740739,42.30199652777778,18.781381172839506,51.95828703703704,15.63640046296296,48.488061342592594,6.887847222222223,767.879861111111,94.71875,4.489583333333333,47.71875,6.090624999999999,24.853153586769217,24.853153586769217
2016-01-25,65.76388888888889,2.4305555555555554,20.547314814814815,43.26191550925926,19.656556712962963,43.142557870370375,20.383350694444445,44.48737847222222,18.230931712962963,45.85435763888889,18.13807098765432,50.81091435185185,8.828449074074076,93.66799768518518,17.38851851851852,41.73978703703703,18.686361882716053,47.97461419753086,16.746134259259257,49.18843749999999,9.531597222222222,763.9288194444445,80.01736111111111,3.9097222222222223,44.80902777777778,5.946180555555555,22.403582111211207,22.403582111211207
2016-01-26,71.31944444444444,3.611111111111111,20.257476851851848,45.32294560185185,19.545694444444443,44.59181134259259,20.489988425925926,44.39136574074074,19.45993055555555,45.87277777777778,17.621238425925927,53.57838734567901,9.671631944444444,93.01094328703704,17.690922067901237,42.834772376543214,18.24841435185185,49.06791666666667,17.118564814814814,48.360364583333336,9.551388888888887,761.9701388888889,85.55555555555556,6.1875,39.93402777777778,7.183333333333333,25.279543281309696,25.279543281309696
2016-01-27,45.625,0.625,19.88201388888889,45.71853587962963,19.174282407407407,45.26294560185185,19.929780092592594,44.72601851851852,18.878900462962964,46.94773148148148,17.571037808641975,56.21205853174603,10.208582175925926,91.19809606481482,17.921165123456788,45.631963734567904,17.730960648148148,50.27324845679012,17.119351851851853,48.87543402777778,10.219097222222222,756.6940972222222,85.61111111111111,9.347222222222221,41.489583333333336,7.846874999999999,23.000527628998196,23.000527628998196
2016-01-28,37.5,0.0,19.047974537037035,45.727528935185184,18.288217592592595,45.606122685185184,19.709768518518516,44.582893518518524,17.967824074074073,46.03638888888889,17.219502314814818,52.689165367121504,5.185873842592593,94.94577546296297,17.882635030864197,41.91493827160494,17.918283179012345,48.14758101851852,16.945254629629627,46.99865740740741,5.8694444444444445,763.1881944444444,85.53472222222223,3.0659722222222223,33.59375,3.5350694444444444,26.445084201825214,26.445084201825214
2016-01-29,48.05555555555556,0.6944444444444444,18.646221064814817,43.99132523148148,17.911493055555557,44.20035300925926,19.28748263888889,42.795017361111114,16.929259259259258,44.529160879629636,16.7281712962963,50.80884645061728,6.271157407407407,88.9663599537037,17.094382716049385,40.036197693307344,17.522611882716046,46.94085262345679,16.3240625,44.28057291666667,6.651736111111111,763.3131944444444,82.43055555555556,8.319444444444445,40.0,3.842013888888889,25.99043764033316,25.99043764033316
2016-01-30,130.48611111111111,2.986111111111111,20.200254629629633,45.10123842592593,19.646626157407407,43.65712962962962,20.35408564814815,45.22805266203704,17.94185763888889,45.54465277777778,17.592993827160495,58.04152391975309,6.650040509259259,95.85675925925926,16.84798996913581,41.875,19.290636574074075,51.72496527777778,16.366614583333334,47.37262731481482,6.920138888888889,754.5211805555556,87.33680555555556,8.13888888888889,35.93402777777778,4.923263888888889,21.81239345405225,21.81239345405225
2016-01-31,129.44444444444446,11.666666666666666,21.46033564814815,43.20975694444444,20.69348379629629,42.21618055555555,21.181215277777778,44.69398148148148,19.19042824074074,45.27469907407407,18.182283950617283,55.328695987654314,7.06681712962963,99.63789351851852,17.71711805555556,43.124918981481486,20.552457561728396,51.962110339506175,16.826493055555556,48.56590277777778,7.171527777777778,753.6013888888888,93.07986111111111,5.59375,36.00694444444444,6.113888888888889,25.860410025133106,25.860410025133106
2016-02-01,155.90277777777777,15.13888888888889,22.436099537037038,46.53653935185185,21.663038194444443,44.97744791666667,22.81521990740741,46.173738425925926,19.702204861111113,49.1076099537037,20.33074459876543,54.65225694444444,11.208315972222222,88.16545717592592,18.9554012345679,47.2433912037037,20.647789351851852,53.868854166666665,17.68075810185185,50.88354166666667,10.956597222222221,759.1711805555556,85.93402777777777,8.309027777777779,39.798611111111114,8.622569444444444,23.69082099992536,23.69082099992536
2016-02-02,77.91666666666667,14.930555555555555,22.026574074074073,46.97422453703703,21.32787615740741,45.27782986111111,22.547929606080647,45.78987343299062,20.839704861111112,47.61524884259259,19.965142746913582,60.55818672839506,8.199143518518516,98.83630787037038,18.70869212962963,44.002098765432095,20.58792052469136,52.475968364197534,18.185480324074074,49.99364583333333,8.3,757.8475694444445,91.45138888888889,5.864583333333333,44.760416666666664,6.959722222222222,26.221118257833748,26.221118257833748
2016-02-03,132.91666666666666,8.194444444444445,21.824814814814815,43.99843171296296,21.06066550925926,42.36681712962963,22.107663679877227,44.87557112544092,21.33625578703704,43.018119212962965,19.289814814814815,60.07902391975309,4.676336805555556,86.10492476851852,18.633217592592597,37.60635802469136,21.285480437545388,46.817708333333336,18.33435185185185,46.23645833333333,4.886805555555555,760.5180555555555,82.38541666666667,4.597222222222222,37.208333333333336,2.024652777777778,24.875545296365292,24.875545296365292
2016-02-04,100.34722222222223,9.444444444444445,21.73519675925926,44.246487268518514,21.033796296296295,42.489056712962956,22.18323211692084,43.78557756899056,20.48266782407407,43.767858796296295,18.92930555555556,60.67039351851852,5.698344907407407,93.69042824074073,18.391363101039634,39.5053797108512,21.290405092592593,48.282226080246915,18.324571759259257,46.99313657407407,5.700347222222223,763.6690972222221,91.50347222222223,4.416666666666667,36.99652777777778,4.399305555555555,26.29647485696801,26.29647485696801
2016-02-05,62.56944444444444,2.4305555555555554,21.95765625,45.523721064814815,21.341510416666665,44.085966435185185,22.079556327160493,44.77220100308642,20.213217592592592,47.39711805555555,18.753672839506173,60.64723379629629,9.409496527777778,94.90079861111111,18.487827932098767,43.286073302469134,20.648047839506166,52.31692129629629,18.54715277777778,49.0562037037037,8.972222222222221,762.2836805555555,93.52777777777777,4.552083333333333,36.795138888888886,7.9586805555555555,24.50779606159712,24.50779606159712
2016-02-06,83.19444444444444,2.1527777777777777,21.630399305555553,45.33920138888888,20.994184027777774,43.72461226851852,21.956793981481482,44.61609953703704,19.612916666666663,46.26623842592593,19.137056327160494,61.22967592592593,9.622569444444444,77.66429398148148,18.655165895061728,41.454591049382714,20.95360725308642,51.44014660493827,18.870439814814816,48.27445023148148,9.75173611111111,750.7197916666667,77.67013888888889,7.277777777777778,39.541666666666664,5.918402777777778,25.907575600690002,25.907575600690002
2016-02-07,79.375,5.486111111111111,21.682824074074077,44.16507523148148,20.998506944444443,42.68653935185185,21.74247106481481,43.986357060185185,19.166574074074074,43.20048032407407,19.13740740740741,61.11388503086419,8.33749421296296,70.5758622685185,18.946114969135802,38.101462191358024,21.72868827160494,48.74441358024691,19.122905092592593,46.16063657407407,8.263541666666667,744.5447916666667,73.97569444444444,8.152777777777779,37.489583333333336,3.746180555555556,23.353252680923713,23.353252680923713
2016-02-08,147.36111111111111,10.0,21.828101851851855,43.748182870370364,21.106440972222224,42.160185185185185,22.779861111111114,43.46350694444445,21.059270833333333,43.0340625,19.401172839506174,60.58482407407408,7.816255787037036,77.37922453703703,19.06972222222222,37.17903163580247,21.967939360929556,48.27443150871459,18.964548611111113,44.21390046296296,7.980208333333333,740.6666666666666,76.64236111111111,10.631944444444445,36.572916666666664,4.027083333333334,23.716083029285073,23.716083029285073
2016-02-09,125.76388888888889,3.263888888888889,22.09733796296296,43.59570601851852,21.382671957671956,41.490659722222226,22.699340277777775,42.546284722222225,19.965034722222224,42.299866898148146,19.923649691358026,48.1809837962963,5.023206018518518,86.10104166666666,19.230887345679015,38.32676311728395,22.294637345679014,47.50144675925926,19.00362268518519,44.47510416666667,4.990972222222222,737.6666666666666,89.22222222222223,6.246527777777778,37.770833333333336,3.273611111111111,24.786398597401178,24.786398597401178
2016-02-10,96.38888888888889,5.208333333333333,21.096493055555555,42.72794560185185,20.50216435185185,40.66689236111111,21.59303240740741,41.89857638888889,19.201273148148143,41.87114004629629,19.322106481481484,56.81263503086419,4.501880787037037,92.7990162037037,19.843283179012346,39.52918209876543,22.4451774691358,46.50611111111111,19.04576388888889,43.911967592592596,4.232638888888889,742.0909722222221,91.57291666666667,5.489583333333333,38.69097222222222,2.946875,24.232670391777194,24.232670391777194
2016-02-11,106.25,6.388888888888889,21.049403935185186,42.87388310185185,20.414930555555557,41.04965277777777,20.935133101851854,42.081487268518515,19.67513888888889,43.09702546296296,19.298757716049384,58.77564814814814,3.7053993055555554,92.01013888888889,19.99340663580247,39.602283950617284,22.626242283950617,46.89422453703703,18.737997685185185,43.122644675925926,3.5381944444444446,748.6722222222222,94.42361111111111,3.0416666666666665,47.423611111111114,2.6871527777777775,25.074041276335873,25.074041276335873
2016-02-12,117.84722222222223,3.9583333333333335,21.21269675925926,40.24155092592592,20.029230324074078,39.447494212962965,21.285752314814815,40.67756365740741,19.47193287037037,39.824195601851855,18.882060185185182,56.190914351851845,3.3442534722222224,88.3634837962963,19.87421836419753,35.73786882716049,22.82373774509804,43.703812891476026,18.664942129629633,41.86233796296296,3.213888888888889,743.4996527777778,84.14583333333333,3.5659722222222223,39.10069444444444,0.6375,25.695713888934634,25.695713888934634
2016-02-13,96.11111111111111,2.9166666666666665,20.97007523148148,39.58688657407407,19.26019675925926,40.244554398148146,21.098344907407405,39.82551851851852,19.25120949074074,39.559265046296304,18.666855709876543,56.69666820987654,3.142696759259259,88.20833333333333,19.046172839506173,34.92993827160493,22.123067129629632,43.43435570987654,18.284675925925924,40.352673611111115,2.301041666666667,735.4697916666667,92.48958333333333,3.2916666666666665,38.87847222222222,1.1777777777777778,26.862596644787118,26.862596644787118
2016-02-14,102.43055555555556,11.180555555555555,20.86092013888889,40.996684027777775,19.13976851851852,41.395873842592586,20.935555555555556,40.937482638888895,19.285868055555554,40.1019849537037,18.17782638888889,56.272067901234564,3.254357638888889,90.89013310185186,19.21794225146199,37.19653224496426,21.60554398148148,44.27067901234568,17.93684027777778,41.336215277777775,2.732291666666667,738.2805555555556,93.64583333333333,3.0104166666666665,41.170138888888886,1.7916666666666667,26.262662880940802,26.262662880940802
2016-02-15,117.70833333333333,11.458333333333334,20.412447916666668,39.834785879629635,18.900850694444443,39.58255787037037,20.690607638888892,39.277320601851855,19.23585648148148,38.17780092592592,18.098146219135803,53.9382494212963,2.8826099537037035,75.02222056878307,19.57827739197531,33.16816550925926,21.47430362654321,40.13627121913581,17.952320601851856,41.490896990740744,2.7444444444444445,758.2850694444444,79.45833333333333,5.15625,40.25347222222222,-0.6638888888888889,24.16827521899702,24.16827521899702
2016-02-16,93.19444444444444,5.833333333333333,20.989976851851853,36.95087384259259,18.996869212962963,37.70232060185185,21.07189236111111,37.64568865740741,19.951221064814817,35.77990740740741,18.872430555555553,46.34208333333333,-0.8578060365560366,72.32754802489177,19.673987268518516,28.996388888888887,21.516828703703705,37.42532986111111,18.0730787037037,39.58593171296296,0.08749999999999998,770.5465277777778,80.26388888888889,1.6493055555555556,39.857638888888886,-3.2354166666666666,25.514159621201948,25.514159621201948
2016-02-17,66.80555555555556,1.4583333333333333,20.683761574074072,34.85375578703704,18.83278935185185,35.416863425925925,20.247565806878306,36.76927488425926,19.21689814814815,34.420196759259255,18.31477595899471,49.04674594907407,-1.1799956321649028,75.7808529265873,19.13685185185185,27.79980324074074,21.34776388888889,37.42525983796296,18.033078703703705,38.356738425925926,-0.4972222222222222,760.7975694444444,83.36805555555556,1.7847222222222223,42.13194444444444,-3.073611111111111,25.88226357919565,25.88226357919565
2016-02-18,83.75,5.833333333333333,20.25707175925926,35.64823495370371,18.561961805555555,36.36271412037037,19.883565972222225,36.87454985119047,18.74603587962963,35.215393518518525,17.752125578703705,42.76748776455027,1.9415753417107584,71.66291746582891,17.911527777777778,29.16004050925926,20.45048445767195,38.081423859126986,17.688016534391537,37.432592179232806,1.1670138888888888,755.7802083333332,84.19791666666667,3.3402777777777777,41.072916666666664,-1.2954861111111111,27.258825463246062,27.258825463246062
2016-02-19,119.09722222222223,1.3888888888888888,20.34238425925926,37.12166666666666,18.688778935185184,37.42177662037037,20.988002232142858,37.46697908399471,18.495416666666667,36.00102430555555,17.211682539682542,44.576682374338624,3.0230555555555556,77.1061863425926,18.05743634259259,30.78236111111111,19.970666666666666,39.52017600859788,17.648425099206353,39.680667328042325,3.1631944444444446,759.58125,85.36458333333333,3.513888888888889,32.25347222222222,0.7375,27.147020320828435,27.147020320828435
2016-02-20,100.76388888888889,3.6805555555555554,20.881539351851856,40.56686342592592,19.556956018518516,40.814293981481484,21.38179861111111,39.61680009920635,18.48214699074074,42.56738425925926,17.607091021825394,51.481769841269845,8.427615740740741,89.53829282407408,17.831180555555555,37.795636574074074,20.402621527777775,47.128506944444446,17.71577546296296,43.00163194444444,8.41875,754.5739583333333,91.21180555555556,8.159722222222221,44.697916666666664,7.043749999999999,26.499738696050674,26.499738696050674
2016-02-21,88.61111111111111,12.36111111111111,21.407581018518517,44.91956018518518,20.33568287037037,44.77017361111112,21.73186078042328,42.92656010251323,21.217986111111113,44.83354166666667,18.4584908234127,59.18942791005291,11.005322833994708,88.12145601851851,18.220439814814814,43.326331018518516,21.441006944444446,52.11951967592593,18.26648148148148,46.62626157407407,10.849652777777777,755.6135416666666,89.77083333333333,9.04861111111111,42.135416666666664,9.207291666666666,24.41483127921755,24.41483127921755
2016-02-22,93.40277777777777,7.777777777777778,21.35351851851852,44.746504629629634,20.00796875,45.147540509259265,21.846811342592595,43.09407407407407,20.858333333333334,44.048281249999995,18.70159689153439,56.85077794312169,8.953418981481482,83.62536607142857,18.686886574074073,42.498206018518516,21.284641203703707,49.842644675925925,18.63310615079365,46.53871762014991,8.370833333333334,752.2767361111111,91.17361111111111,6.1875,42.517361111111114,6.9586805555555555,25.451066403588307,25.451066403588307
2016-02-23,88.68055555555556,7.152777777777778,21.115439814814817,42.746096064814814,19.48241898148148,43.32907407407407,21.33609953703704,41.47460648148148,21.249421296296298,40.22768518518518,18.930470734126985,54.81498809523809,4.1598553240740745,87.10489583333332,19.097037037037037,38.86479166666666,20.877372685185183,45.11776041666667,18.470034226190478,42.73096478174603,4.321180555555555,756.3788194444445,89.11111111111111,2.4409722222222223,35.302083333333336,2.6041666666666665,26.21418474445818,26.21418474445818
2016-02-24,77.98611111111111,4.652777777777778,20.870798611111113,38.81130787037037,19.21502314814815,39.411197916666666,20.852667824074075,39.22594328703704,20.21954861111111,37.44708912037037,18.52803968253968,54.89083771494709,1.484622685185185,83.88141087962963,19.367925429894182,34.9447208994709,21.00892939814815,41.91501736111112,18.212960317460315,40.57387202380952,2.0218749999999996,758.3166666666666,83.40972222222223,1.4166666666666667,38.541666666666664,-0.8017361111111111,26.016075293915087,26.016075293915087
2016-02-25,125.06944444444444,11.73611111111111,20.94908564814815,38.855,19.357540509259255,39.039710648148144,21.443952546296295,38.65776041666666,21.38608796296296,36.18048032407407,18.302478091931217,50.50529026124339,2.38958912037037,78.23733796296295,19.3483814484127,33.43459499007937,21.214010416666667,39.51996527777778,18.09598048941799,38.569737433862436,2.398611111111111,756.4909722222222,82.30555555555556,1.9409722222222223,41.822916666666664,-0.5347222222222222,26.77290079647921,26.77290079647921
2016-02-26,94.09722222222223,1.8055555555555556,20.653304398148144,38.15607060185185,19.05658564814815,38.449826388888894,20.997488425925926,37.370677083333334,20.147916666666664,35.33513888888889,18.74881026785714,48.738621775793646,4.1458912037037035,64.89690393518518,18.82335251322751,33.1452705026455,20.337141203703705,40.30160879629629,17.87971064814815,38.29327546296296,3.078125,753.8756944444444,80.40972222222223,1.5590277777777777,35.760416666666664,-0.28541666666666665,24.582028793520294,24.582028793520294
2016-02-27,83.26388888888889,2.0833333333333335,20.534814814814816,36.62349537037037,19.07504050925926,36.5768113425926,20.635729166666664,36.595370370370375,19.81400462962963,34.226284722222225,18.27516617063492,53.16337450396825,2.809884259259259,50.18574074074074,19.50753736772487,31.8734197255291,21.146307870370368,39.989114583333325,17.89806712962963,39.04934027777778,3.060416666666667,751.1586805555555,67.58333333333333,4.927083333333333,29.57638888888889,-2.6802083333333333,24.928813938458916,24.928813938458916
2016-02-28,53.47222222222222,0.7638888888888888,20.532152777777778,34.45809606481482,18.91576388888889,34.68898148148148,20.310347222222223,35.61479166666666,19.292083333333334,33.14351851851852,17.73627976190476,53.38631051587302,2.4624884259259257,44.50061921296296,20.302768353174606,31.479947916666667,21.506626157407407,37.95628472222222,18.179016203703704,39.29233217592592,2.54375,757.1013888888888,64.73958333333333,6.392361111111111,30.729166666666668,-3.7041666666666666,25.604903841950645,25.604903841950645
2016-02-29,157.15277777777777,5.277777777777778,20.358234953703704,34.44822337962963,18.577199074074073,34.83517361111112,20.92921296296296,35.559641203703706,19.36146412037037,32.855173611111105,17.601041666666667,52.89864583333333,1.939971064814815,51.19427083333333,20.56046875,29.220063657407408,21.507980324074072,36.90040509259259,18.264814814814816,39.2810474537037,2.153125,762.3461805555555,71.71527777777777,4.621527777777778,35.25694444444444,-2.825,26.55588512878037,26.55588512878037
2016-03-01,72.36111111111111,5.0,20.669716435185183,37.218553240740746,18.676921296296296,38.079375,20.675688657407406,36.19762731481481,19.79521412037037,35.570625,18.203182870370373,45.21507523148148,2.5148321759259264,78.17746527777778,19.00601851851852,30.583443287037035,20.752158564814813,39.971857638888885,18.05761574074074,38.21692708333333,2.4524305555555554,757.5715277777776,93.74305555555556,5.597222222222222,43.93402777777778,1.514236111111111,24.45894118653895,24.45894118653895
2016-03-02,92.77777777777777,4.166666666666667,20.895989583333332,39.41539930555555,19.692337962962963,38.90372106481481,20.698773148148145,38.624270833333334,20.153142361111108,37.41902777777778,18.514189814814813,47.266047453703706,6.255902777777777,68.0768923611111,18.719837962962963,32.8662037037037,20.82354166666666,42.683240740740736,18.221944444444446,40.72244791666666,5.936805555555555,745.5920138888889,80.29166666666667,7.663194444444445,37.267361111111114,2.6118055555555553,24.723426149608308,24.723426149608308
2016-03-03,82.01388888888889,7.291666666666667,21.08362819664903,37.72846781305114,19.53423156415344,37.90432250330687,20.667942019400353,38.13071676587302,20.506217317019402,35.95598167438271,18.370517113095236,48.52845998677249,3.8012404651675484,74.56283369157849,19.023445932539683,31.438401675485004,21.196319031084656,41.163541446208114,18.410953786375657,40.72737169312169,4.016666666666667,746.4906249999999,85.15277777777777,4.440972222222222,34.267361111111114,1.6083333333333334,22.659912526352045,22.659912526352045
2016-03-04,95.34722222222223,2.1527777777777777,21.07759623015873,37.649594824735445,19.322688822751324,38.16226827050265,21.18989583333333,37.9136556712963,19.34776399911817,35.98972883597884,18.312621665564375,49.324551697530865,4.221315393518519,76.49305335097,18.746780340608467,32.00233622685185,20.90030398478836,41.03019259810406,18.43770171957672,39.35882374338624,4.074305555555556,740.9489583333333,86.10763888888889,3.7569444444444446,40.40625,1.8413194444444443,26.24281446793854,26.24281446793854
2016-03-05,91.38888888888889,4.027777777777778,20.101875,37.17152199074074,17.754334490740742,39.506961805555555,20.711221064814815,36.904149305555556,18.47666666666667,36.41775462962963,18.50392939814815,50.455214120370364,3.6366493055555558,69.62597222222222,18.427760416666665,31.085017361111113,21.28728587962963,40.25277199074074,18.27255787037037,38.551817129629626,2.7503472222222225,742.098611111111,87.32986111111111,1.6770833333333333,43.15972222222222,0.628125,24.956436822847333,24.956436822847333
2016-03-06,89.72222222222223,4.236111111111111,19.600462962962965,38.55840856481481,17.826446759259262,39.87424189814815,20.063252314814818,37.92723958333333,18.652135416666667,37.06850115740741,17.85128472222222,55.0483912037037,2.632459490740741,76.20894675925926,18.02258101851852,31.973750000000003,20.97423611111111,41.181672453703705,17.874918981481482,38.94006365740741,2.7618055555555556,746.4763888888888,93.47916666666667,4.614583333333333,36.90625,1.7774305555555554,23.6033658966739,23.6033658966739
2016-03-07,142.63888888888889,3.888888888888889,20.23045138888889,38.71502314814815,18.287280092592592,39.23402777777778,20.9502199074074,38.20650462962963,18.8178125,35.747760416666665,17.516672453703702,53.162340856481485,2.027897201178451,76.7832349537037,17.985358796296296,31.569126157407407,20.461793981481478,40.20477430555555,17.622997685185187,37.93605324074074,1.6152777777777778,749.2232638888888,91.92361111111111,1.9583333333333333,36.010416666666664,0.37013888888888885,24.13019857776817,24.13019857776817
2016-03-08,74.79166666666667,5.833333333333333,20.07986689814815,38.86221064814814,18.103344907407408,39.79984375,20.48203703703704,37.078344907407406,19.471660879629628,35.47580439814815,17.937407407407406,48.34175347222222,4.127581018518518,78.70579282407408,18.394282407407406,32.48192129629629,20.09674189814815,40.07926504629629,17.570462962962964,37.849641203703705,3.252083333333333,756.0777777777778,83.17708333333333,2.5868055555555554,38.0,0.35624999999999996,23.660281332639798,23.660281332639798
2016-03-09,86.80555555555556,5.972222222222222,19.912777777777777,37.322303240740744,17.134965277777777,40.76526041666667,20.085109953703707,37.32123842592593,19.605804398148152,35.00434606481482,17.820850694444445,49.197540509259255,5.31097800925926,52.68284143518518,18.212563657407408,33.10664930555556,20.12099537037037,40.159056712962965,17.533159722222223,38.04275462962963,5.178819444444445,747.5635416666667,68.38541666666667,6.388888888888889,39.298611111111114,-0.24826388888888884,24.35721805668436,24.35721805668436
2016-03-10,92.91666666666667,6.25,20.592592592592595,37.63471064814814,18.71980324074074,38.7111400462963,20.425324074074076,37.325561342592586,20.992384259259257,35.07951388888889,17.943749999999998,48.62347222222222,5.240162037037037,44.18685763888889,19.200891203703705,32.8683912037037,20.889872685185182,39.84596643518519,17.770972222222223,39.85308449074074,4.634375,757.596875,73.74652777777777,1.3576388888888888,43.88194444444444,-0.007291666666666698,25.185717468896957,25.185717468896957
2016-03-11,71.04166666666667,3.125,20.71195023148148,35.46313078703704,18.41855324074074,37.65127893518518,20.286874999999995,35.91300347222222,20.236157407407408,33.67160879629629,17.993813657407408,49.10868055555555,4.125677083333333,50.82009837962963,20.151753472222218,31.44914351851852,21.663651620370374,38.61388888888889,18.346203703703704,39.841817129629625,4.353125,764.6916666666666,77.45833333333333,2.267361111111111,46.63194444444444,0.413888888888889,26.027860255109974,26.027860255109974
2016-03-12,98.61111111111111,2.7083333333333335,20.52576388888889,36.19999421296296,18.494699074074074,37.4182349537037,20.035243055555554,35.875486111111115,20.00472800925926,34.4066087962963,18.49603587962963,44.98527199074074,4.414340277777778,50.16646990740741,20.470370370370368,29.106932870370365,22.90388310185185,39.45703125,18.726099537037033,39.71953703703704,4.529861111111111,767.036111111111,79.15972222222223,2.1666666666666665,40.125,0.8635416666666667,25.188701564184157,25.188701564184157
2016-03-13,67.91666666666667,2.2916666666666665,21.099878472222223,35.487042824074074,18.85683449074074,37.37218171296296,20.34429398148148,36.37072337962963,20.22813078703704,34.35793981481482,18.322685185185186,49.57694097222222,3.76068287037037,50.13814236111111,21.39005787037037,30.778692129629633,23.440023148148146,36.28646412037037,19.1621875,38.97728009259259,3.911805555555555,768.8965277777777,77.10763888888889,4.100694444444445,35.6875,-0.054166666666666696,25.449948842853903,25.449948842853903
2016-03-14,164.02777777777777,4.513888888888889,21.272436342592595,35.63469328703704,18.8940625,37.56394097222223,21.63071759259259,36.30745370370371,20.24347222222222,33.5958275462963,18.548478587962965,49.221651620370366,3.055132675966009,47.201835552950136,21.606186342592594,28.81972222222222,22.41503128971496,35.50343153302988,19.45949074074074,38.48646412037037,3.107291666666667,767.9173611111111,76.07638888888889,4.166666666666667,42.604166666666664,-0.9447916666666666,25.44965769128693,25.44965769128693
2016-03-15,97.29166666666667,5.625,21.170300925925925,36.53813078703703,18.79757523148148,39.47794560185186,21.140069444444446,35.67427083333334,20.5062962962963,33.72321759259259,19.183732638888888,42.67762731481482,4.636747685185185,45.172980324074075,20.963755787037037,27.201140046296292,22.2978125,36.44986111111111,19.572887731481483,38.08535300925926,4.321180555555555,765.1760416666666,78.26041666666667,3.4583333333333335,51.392361111111114,0.6229166666666667,25.125196229378666,25.125196229378666
2016-03-16,158.40277777777777,8.61111111111111,21.315306712962965,38.994809027777784,19.264432870370374,40.81552083333333,21.95197337962963,37.56438657407407,21.15235532407407,34.66916666666666,18.640574845679012,45.764697145061724,5.557910879629628,40.86611111111111,20.383587962962963,27.657592592592593,22.556116898148147,37.69777777777778,19.63009259259259,38.10078125,5.24375,764.6934027777777,70.89583333333333,5.625,35.53125,-0.05833333333333335,26.261507691944846,26.261507691944846
2016-03-17,86.875,7.5,21.843391203703703,34.991475694444446,19.552934027777773,36.38509837962963,21.831157407407407,34.99465856481481,21.49377314814815,32.71414930555555,18.663198302469134,47.336331018518514,4.5517766203703705,37.60141203703703,20.73,26.007679398148152,22.749809027777776,35.65454282407407,19.807291666666664,37.66203703703704,4.597222222222222,765.4746527777777,71.38541666666667,3.2152777777777777,43.83680555555556,-0.5326388888888889,25.13834634551636,25.13834634551636
2016-03-18,62.638888888888886,0.625,21.64544560185185,35.94325231481481,18.77469907407407,39.11267361111111,21.4315625,35.565682870370374,20.947228009259263,33.49532986111112,18.64898148148148,53.67980324074074,4.673304398148148,60.696035879629626,20.020960648148147,29.05056712962963,22.192696759259256,38.39112268518519,19.681435185185183,37.2049537037037,3.826388888888889,763.0013888888889,89.58333333333333,2.7847222222222223,36.68402777777778,2.1722222222222225,23.612316078409396,23.612316078409396
2016-03-19,113.68055555555556,1.25,21.499351851851852,36.70485532407408,19.015694444444446,39.143940972222225,21.98214699074074,35.96293402777778,20.341707175925926,34.58611689814815,18.421122685185182,45.0800625,6.889809027777777,44.824496527777775,19.368472222222223,30.106336805555557,22.26884259259259,39.36412037037037,19.50353009259259,37.58314814814815,5.642361111111111,762.3125,79.84722222222223,3.0,40.34027777777778,2.326041666666667,24.549034929805202,24.549034929805202
2016-03-20,112.15277777777777,0.9027777777777778,21.82490162037037,36.82960069444445,19.467210648148146,38.71729166666667,22.31685763888889,36.31782986111111,20.122540509259256,35.33826388888889,19.125243055555554,48.323738425925924,6.791047453703704,43.9085474537037,19.127256944444444,30.613686342592594,22.837060185185187,39.033680555555556,19.449212962962964,38.21369791666667,5.882986111111111,761.5559027777776,79.62152777777777,3.1909722222222223,34.170138888888886,2.564583333333333,22.59575272465655,22.59575272465655
2016-03-21,77.77777777777777,5.972222222222222,21.636377314814816,37.19849537037037,19.35008101851852,39.70127314814815,21.951273148148147,36.34470486111111,20.381591435185186,36.65873263888889,19.387256944444445,45.17250578703703,7.8974768518518506,45.42900462962963,19.315179398148146,32.41511574074074,22.296516203703703,40.38188657407407,19.473431712962967,38.36358796296296,6.973958333333333,760.8354166666667,80.46180555555556,2.1909722222222223,42.56597222222222,3.6156249999999996,23.287784557275398,23.287784557275398
2016-03-22,71.11111111111111,2.4305555555555554,21.95387152777778,38.06552662037038,20.433668981481482,38.834322916666665,22.107569444444447,36.89259259259259,21.384265046296296,36.14265625,19.372118055555557,48.687644675925924,7.101631944444445,43.34385416666666,19.700949074074074,34.88653935185185,22.312656249999996,40.43537615740742,19.582627314814815,39.46980902777778,6.911805555555556,757.4276041666667,78.16493055555556,2.326388888888889,38.58159722222222,2.9895833333333335,26.99098668324748,26.99098668324748
2016-03-23,85.06944444444444,5.416666666666667,21.91228587962963,39.28357060185185,19.585868055555554,42.130642361111114,22.10900462962963,38.0984375,20.94101851851852,37.63318287037037,19.990260416666665,45.2234375,7.844519675925927,53.56662037037037,20.047575231481478,36.54380208333333,22.670734953703704,41.758975694444445,19.653616898148147,39.551811342592586,7.007638888888888,756.1401041666666,86.78298611111111,3.048611111111111,42.69618055555556,4.865277777777778,25.504127935629285,25.504127935629285
2016-03-24,70.13888888888889,3.4027777777777777,21.51753472222222,39.643541666666664,19.364820601851857,41.88931134259259,22.07711226851852,38.197361111111114,20.870312499999997,37.35177083333334,19.563946759259256,49.89109375,8.28711226851852,44.94387152777778,20.293263888888887,36.382841435185185,22.312534722222225,42.652488425925924,19.39625,39.49030671296296,7.156944444444444,756.4416666666666,80.57291666666667,2.7430555555555554,41.91319444444444,3.8562499999999997,26.55237001397634,26.55237001397634
2016-03-25,180.41666666666666,1.9444444444444444,21.98443865740741,40.63086226851852,19.497135416666666,43.38218171296296,23.154016203703705,38.637251157407405,20.097291666666667,39.10967592592593,19.5247974537037,49.12467978395062,7.311945822310406,63.25836640211641,20.59966856060606,36.88716252805836,22.331836902006174,42.919513888888886,19.548478009259256,41.54692129629629,7.070833333333334,755.7815972222222,86.89236111111111,4.006944444444445,41.44097222222222,4.836805555555555,25.59774216966212,25.59774216966212
2016-03-26,108.95833333333333,2.7777777777777777,22.04584490740741,40.26362268518518,19.69806134259259,43.07152199074074,23.234525462962964,38.14338541666667,20.283564814814817,40.894872685185184,20.01053907126824,53.44597445812289,9.163304576855772,52.28674474879887,20.861936728395065,37.50293338894901,22.876214739157447,43.069900235663255,19.863275462962964,41.83403935185186,9.208333333333334,754.3170138888888,76.64930555555556,5.829861111111111,32.68055555555556,5.077430555555555,25.203929915652324,25.203929915652324
2016-03-27,73.05555555555556,0.5555555555555556,22.61240740740741,38.76100115740741,20.606533564814818,40.85621445105821,23.028408564814814,38.56491898148148,20.295052083333335,40.13972800925926,20.202650462962968,50.703975694444445,9.567008101851853,50.42943287037037,21.26685185185185,37.0269212962963,23.557314814814813,42.8838599537037,20.17540509259259,41.83063657407408,8.969791666666666,749.9284722222222,77.73611111111111,6.916666666666667,43.875,4.963541666666667,25.44337850389032,25.44337850389032
2016-03-28,127.29166666666667,1.5277777777777777,22.383894675925927,39.40373263888889,20.382436342592587,40.839664351851845,23.0716087962963,38.53836805555556,20.714108796296294,39.29537037037037,20.033593749999998,46.69872106481481,9.402503829724875,43.63298358286593,21.49744791666667,35.55917824074074,23.25827238531145,40.566259751680555,20.377800925925925,41.75944444444444,8.929513888888888,743.0913194444444,74.45138888888889,9.065972222222221,40.96527777777778,4.481249999999999,22.436593014976502,22.436593014976502
2016-03-29,91.45833333333333,5.138888888888889,22.234988425925923,39.243900462962955,20.097233796296294,41.236614583333335,22.906215277777775,38.185190972222216,20.776076388888885,38.93516782407407,20.18472222222222,51.156105324074076,9.096316752005936,40.25579644756682,21.138090277777778,32.91468171296296,23.831033862934905,42.040876270691676,20.496712962962963,40.5719386574074,8.307291666666666,749.7305555555555,74.61805555555556,6.559027777777778,39.03472222222222,3.8510416666666663,22.495481969397385,22.495481969397385
2016-03-30,87.70833333333333,4.305555555555555,21.836603009259257,40.28730324074074,20.235752314814814,41.392725694444444,22.66401041666667,38.490353009259266,21.15875,39.63003472222223,20.139513888888885,47.24809027777778,10.19618634259259,35.048744212962966,20.83206018518519,33.78046875,23.855665509259257,41.79225115740741,20.375538194444445,39.94328125,9.071874999999999,752.4329861111111,74.67708333333333,4.336805555555555,38.857638888888886,4.662847222222222,26.85847262222928,26.85847262222928
2016-03-31,79.16666666666667,1.9444444444444444,21.780630787037037,39.79699074074074,19.53332175925926,42.39927083333333,22.352199074074075,38.23584490740741,20.615891203703704,39.92213541666667,20.214189814814816,52.92424189814815,7.446626157407406,61.98074652777777,20.33611689814815,34.27640625,23.831666666666663,42.5294212962963,20.12962962962963,40.20385416666667,6.925,754.5465277777778,89.04513888888889,2.736111111111111,40.86805555555556,5.176736111111111,25.77091518679582,25.77091518679582
2016-04-01,59.583333333333336,0.06944444444444445,21.83590856481481,38.750850694444445,20.374074074074073,39.827974537037036,22.291082175925926,38.00560763888889,20.496574074074072,38.374762731481475,19.666336805555556,46.90655092592593,7.959519675925924,51.71842013888889,20.502876157407407,33.2668287037037,22.96390046296296,41.86199652777778,20.264953703703704,40.644878472222224,7.143055555555555,759.6496527777778,79.60069444444444,2.03125,43.107638888888886,3.529166666666667,23.86334993401154,23.86334993401154
2016-04-02,50.69444444444444,0.0,21.110532407407405,39.701834490740744,19.331631944444446,42.008790509259256,21.83939814814815,37.64546875,19.930613425925927,38.68081597222223,19.35672453703704,45.23571759259259,10.922222222222224,40.63918402777777,20.114299768518517,34.43534143518519,21.370740740740743,40.11115162037037,19.721417824074074,38.31771990740741,9.333680555555555,756.5350694444444,79.63888888888889,2.2534722222222223,33.732638888888886,5.893055555555556,24.94774911829154,24.94774911829154
2016-04-03,71.80555555555556,0.4861111111111111,21.618744212962962,43.31568865740741,21.17550925925926,42.91225694444445,22.11611111111111,40.490092592592596,20.64181712962963,42.82041666666667,19.46439814814815,47.68939236111111,15.55693287037037,38.82440972222222,20.776192129629628,39.002609953703704,22.577204861111106,45.222766203703706,19.955439814814813,43.18799768518519,15.3125,751.1697916666667,73.84375,4.173611111111111,38.22569444444444,10.375347222222222,27.349303521299994,27.349303521299994
2016-04-04,188.54166666666666,3.75,22.39980324074074,45.270179398148144,21.058379629629627,45.74537615740741,24.292633101851848,41.27423611111111,21.42237268518518,43.93046875,20.58890625,54.79564814814815,13.209913194444443,37.670648148148146,21.333090277777778,38.754820601851854,24.007472117003367,46.84862647306397,20.59708333333333,45.52226273148148,12.443402777777777,748.9968749999999,79.15277777777777,4.222222222222222,36.06597222222222,8.707986111111111,25.71478051411557,25.71478051411557
2016-04-05,154.86111111111111,3.5416666666666665,22.412847222222222,43.072615740740744,20.354652777777776,45.37674189814815,24.44800925925926,39.2959375,21.32613425925926,42.00802083333334,20.95771412037037,54.39607060185185,11.517858465608466,36.40328564413981,21.781493055555558,38.0361107603816,23.69663292648709,42.87113848304473,20.86511574074074,43.483142361111106,10.737152777777778,750.6670138888888,79.43055555555556,2.7847222222222223,36.43402777777778,7.147569444444445,22.868642920123722,22.868642920123722
2016-04-06,87.56944444444444,5.902777777777778,21.955358796296295,42.18972222222222,19.757337962962964,44.79680555555555,23.35128472222222,39.10343171296296,21.197899305555556,40.71100694444445,20.684872685185187,50.78877314814815,9.233438271604939,40.68034201388889,21.118142113095235,35.23553993055556,22.454054894179894,39.84101504629629,20.796400462962964,41.97877893518518,8.603124999999999,752.9208333333332,81.52777777777777,6.159722222222222,32.25,5.484722222222222,24.732079980620053,24.732079980620053
2016-04-07,68.81944444444444,0.7638888888888888,21.58558449074074,40.24197337962963,19.939363425925922,41.498755787037034,22.637233796296297,38.58543981481481,21.081834490740743,38.44705439814815,20.343946759259257,53.775781249999994,8.19221499844677,31.369421388989096,21.35382144330796,34.98594246370686,21.895151760662177,37.883793242444284,20.706805555555555,41.04996527777778,7.427083333333333,752.5458333333332,74.54513888888889,5.506944444444445,36.083333333333336,2.917708333333333,23.54337619900535,23.54337619900535
2016-04-08,134.44444444444446,1.6666666666666667,21.494403935185186,42.05155092592593,19.738084490740743,43.62778356481481,22.71327546296296,39.25769097222222,20.766932870370372,38.77546296296296,20.139592923280425,53.68856456679894,9.329352182539683,34.12903637566138,21.31284408068783,35.95630580357143,22.53037896825397,40.36736888227514,20.5727025462963,41.56132523148148,7.957986111111111,753.9045138888889,82.43402777777777,2.232638888888889,34.357638888888886,4.934722222222223,27.320457107917818,27.320457107917818
2016-04-09,105.20833333333333,1.3888888888888888,21.684363425925923,41.00024305555556,19.935630787037034,42.37594328703704,22.69701388888889,39.02835069444445,20.562627314814815,37.755266203703705,20.13742691798942,46.40545414462081,9.69838996362434,31.4113777281746,21.675020337301586,35.198357859347446,23.211019345238093,39.637211309523806,20.34782407407407,39.485613425925926,8.958680555555555,750.370138888889,73.99652777777777,4.125,31.225694444444443,4.0569444444444445,23.979469912511476,23.979469912511476
2016-04-10,74.16666666666667,0.7638888888888888,22.186064814814817,39.74296296296296,20.940914351851852,40.504050925925924,22.70707175925926,38.844085648148145,21.21265625,38.09628472222222,20.589283730158726,51.8187564484127,9.554074074074071,35.405283564814816,22.21765625,35.606001157407405,22.740394345238098,38.647047371031746,20.67213541666667,41.213177083333335,9.345833333333333,751.8982638888889,77.71527777777777,3.1180555555555554,33.166666666666664,5.216666666666667,25.53174158820184,25.53174158820184
2016-04-11,77.84722222222223,3.5416666666666665,22.333321759259256,40.87456597222222,21.416348379629632,40.64876736111111,23.07696759259259,39.15481481481481,21.889317129629628,39.39089120370371,20.786611028439154,48.524563740079365,13.6475,19.338657407407407,22.05982060185185,36.22162037037037,22.674710730820106,39.91551694775133,21.000162037037036,41.23099537037037,12.888541666666667,750.3763888888889,65.54166666666667,4.326388888888889,37.0,6.340972222222223,23.421732282359798,23.421732282359798
2016-04-12,110.41666666666667,2.4305555555555554,22.344675925925927,43.03994212962962,21.45605324074074,42.221550925925925,23.749293981481483,40.2749537037037,22.69736111111111,39.11787615740741,21.10464236111111,47.94450620039683,11.147420138888888,31.056886574074067,21.716248070987653,35.25314853395062,22.726072668650797,42.422122519841274,21.140011574074073,41.93383101851852,10.648263888888888,751.5843749999999,74.36458333333333,2.763888888888889,38.458333333333336,5.919444444444444,26.588094370688648,26.588094370688648
2016-04-13,94.23611111111111,3.6805555555555554,22.09861111111111,42.19594907407408,19.90092013888889,44.69564236111111,23.724270833333332,39.391921296296296,22.237418981481483,39.47251736111111,20.837570739638448,48.48626984126984,9.057633349867722,43.533421130952384,21.179724326599327,35.95896454124579,22.749281746031745,43.501413222001766,20.625989583333336,41.937581018518514,8.209722222222222,751.5621527777778,87.69791666666667,1.6076388888888888,35.576388888888886,6.198263888888889,27.322061613247367,27.322061613247367
2016-04-14,85.76388888888889,4.861111111111111,21.983304398148146,41.529629629629625,20.623958333333334,42.35450810185185,23.253153935185185,38.92791666666667,22.508530092592594,38.91835069444445,20.58799371693122,48.590429398148146,10.96790547839506,35.06662778328924,21.098893849206352,35.21156796906797,22.949309854497354,42.88824007936508,20.619722222222222,42.79955439814815,9.322569444444445,753.3392361111111,78.86111111111111,2.0347222222222223,31.635416666666668,5.295833333333333,22.81597986657289,22.81597986657289
2016-04-15,131.38888888888889,2.5,22.467910879629628,42.861296296296295,20.739241898148148,44.08182291666666,24.310804398148154,39.127980324074066,22.261799768518518,40.40075171857464,20.801822916666666,51.89010416666667,12.572297453703701,39.741223765432096,21.3903024691358,36.16661146935626,23.101175733024693,44.17875352733686,20.82408564814815,44.32164930555555,11.671875,747.5104166666666,79.42708333333333,5.527777777777778,37.454861111111114,7.923263888888889,23.38698904503771,23.38698904503771
2016-04-16,134.16666666666666,0.3472222222222222,22.362662037037037,43.69748842592592,20.60335648148148,44.64023726851852,24.3390162037037,39.73332175925926,21.777008349867724,39.70052604166667,20.86220486111111,48.839427083333334,9.726417824074074,39.7915162037037,21.271132605820107,34.83521643518519,23.565185185185182,44.228969907407404,20.992361111111112,43.38720486111111,9.08611111111111,746.8246527777778,81.39236111111111,4.538194444444445,33.833333333333336,5.980208333333334,24.456139703155106,24.456139703155106
2016-04-17,105.90277777777777,5.347222222222222,22.16082175925926,40.750028935185185,19.914728009259264,42.117899305555554,23.146452546296295,37.9237037037037,21.723645502645503,37.21342476851852,20.77456597222222,49.49330439814815,5.48857638888889,38.52370949074074,21.176180803571427,30.766596974206347,23.113576388888887,38.40777199074074,20.91758680555556,41.1193287037037,5.509375,755.0201388888888,83.00347222222223,2.857638888888889,41.833333333333336,2.6510416666666665,24.996440824341132,24.996440824341132
2016-04-18,71.80555555555556,4.930555555555555,21.668177083333333,38.06924189814815,20.265092592592598,38.34495949074074,22.427719907407408,36.32446180555556,22.387908234126982,35.29182142857143,20.335358796296294,46.25760416666667,7.200896990740741,25.890937499999996,20.6644283234127,29.51360631613757,22.125833333333333,37.52487268518518,20.57425347222222,36.867158564814815,6.659722222222222,761.7517361111111,72.625,2.9340277777777777,40.083333333333336,1.4774305555555556,25.15152204254668,25.15152204254668
2016-04-19,72.43055555555556,2.361111111111111,21.56583912037037,39.027633101851855,20.26363425925926,38.99028356481482,22.248506944444443,36.88924189814815,21.889049603174602,36.161420138888886,20.14663194444444,51.29969907407408,10.08096064814815,20.743339120370376,20.601610615079366,31.062408482142857,21.806539351851853,40.925370370370366,20.19597800925926,38.15306134259259,8.893055555555556,765.2225694444445,73.86458333333333,2.5590277777777777,35.541666666666664,4.1,25.31608987887416,25.31608987887416
2016-04-20,80.625,2.8472222222222223,21.88930555555556,35.80916666666667,20.86078125,35.34168402777778,22.512199074074076,36.63752314814815,22.21534066358025,33.87403571428572,20.097633101851855,46.64768518518518,9.094600694444447,20.26094328703704,21.116644841269842,29.517141865079363,21.989947916666665,38.473454861111115,20.13603587962963,37.49066550925926,8.882291666666667,766.5871527777776,64.96180555555556,4.475694444444445,34.583333333333336,1.7038194444444443,25.42292575001031,25.42292575001031
2016-04-21,76.875,0.7638888888888888,22.301018518518518,36.344351851851854,21.441331018518518,35.768877314814816,22.91141203703704,36.152997685185184,22.571496031746033,34.02905233134921,20.38967013888889,44.394155092592584,13.13980902777778,11.329438657407408,21.850829034391538,32.256268187830685,22.091997685185184,39.860081018518514,20.216249999999995,37.58528356481482,11.9125,761.8552083333333,59.88194444444444,3.7083333333333335,35.25,3.779513888888889,23.33043981691137,23.33043981691137
2016-04-22,170.625,2.361111111111111,22.644508101851855,38.19568287037037,21.461041666666667,37.52533564814815,25.014756944444443,37.381006944444444,22.845324404761904,34.95937574404762,20.64872106481481,46.203541666666666,12.482702546296295,10.717170138888887,21.826389880952384,32.973540178571426,22.80179398148148,40.97473958333333,20.434930555555553,38.4865162037037,11.141666666666667,758.8354166666666,66.40625,4.350694444444445,34.75,4.9631944444444445,24.48415290798746,24.48415290798746
2016-04-23,105.0,0.625,22.500862268518517,37.805277777777775,20.65517361111111,38.10728587962963,24.32151041666667,35.474884259259255,22.295115575396824,34.176825892857146,20.903802083333332,48.79208333333333,7.687585978835979,25.39183333333333,21.552666583994707,29.748423197751322,23.520649305555555,39.73008473875662,20.663773148148145,38.58823263888889,7.106597222222223,757.203125,70.64236111111111,4.90625,38.958333333333336,1.7583333333333333,25.56840508081627,25.56840508081627
2016-04-24,81.80555555555556,1.1805555555555556,21.778344907407405,35.882337962962964,19.134924768518516,38.41083333333333,22.86854166666667,34.49407407407407,21.622376488095238,33.267003720238094,20.605428240740743,46.50094328703704,4.245873842592592,41.420266203703704,21.71396056547619,31.555372519841267,23.571035879629633,38.45444444444444,20.436226851851853,36.80885416666666,4.091666666666667,758.0326388888889,82.9375,3.357638888888889,37.791666666666664,1.3006944444444446,26.001042872343938,26.001042872343938
2016-04-25,75.13888888888889,7.569444444444445,21.165688657407404,37.50780092592593,18.714635416666667,40.294641203703705,22.07440972222222,35.30314814814815,21.000265128968255,35.50253472222222,20.034890046296297,45.74372685185185,5.744733796296296,53.67975115740741,21.137271329365078,33.02719990079365,23.328107638888884,39.513321759259256,19.867847222222224,37.03537037037037,4.853472222222222,752.7413194444445,91.35069444444444,3.46875,32.416666666666664,3.5069444444444446,25.08502664317752,25.08502664317752
2016-04-26,74.02777777777777,0.625,21.176684027777775,37.42141782407408,19.43068865740741,38.33428819444444,21.813136574074075,35.58554976851852,20.668620701058202,34.551311755952376,19.506579861111113,47.612737268518515,4.304317129629629,47.448246527777776,20.23166435185185,30.201722470238096,22.270046296296297,39.62742361111111,19.517297453703705,36.176325231481485,3.793055555555556,748.5795138888889,81.97222222222223,4.909722222222222,37.8125,0.8277777777777778,25.830303358897154,25.830303358897154
2016-04-27,75.06944444444444,5.208333333333333,21.101724537037036,36.060399305555556,18.95690393518518,37.559126157407405,21.58756944444444,35.11022569444444,20.28063183922559,34.80631660353535,19.25794560185185,50.82097222222222,4.6705036346188304,45.25845884351216,19.68132134088905,29.59239239049916,22.07506731000481,38.78476410433702,19.210769675925928,36.1074537037037,4.772916666666666,752.0645833333333,81.0,4.454861111111111,39.77430555555556,1.614236111111111,26.718288393426015,26.718288393426015
2016-04-28,95.90277777777777,1.7361111111111112,20.891770833333332,34.921909722222225,19.355665509259257,35.23518518518519,21.79818287037037,35.1003587962963,20.430260416666666,33.937424768518525,18.93032986111111,47.06564814814814,5.418344907407407,31.97837962962963,19.401006944444443,28.30377314814815,21.525731481481483,37.89044444444445,18.883530092592594,33.983454861111106,4.531134259259259,755.9314814814815,76.76851851851852,2.8113425925925926,37.80902777777778,0.31377314814814816,25.21536186929249,25.21536186929249
2016-04-29,111.52777777777777,0.5555555555555556,21.28193287037037,36.490260416666665,19.122372685185187,38.08543981481481,22.76794560185185,35.58783564814815,19.71402391975308,35.949878472222224,18.838194444444447,41.68007523148148,7.55343287037037,35.74780087081129,19.112980324074076,31.526109182098764,21.183952546296293,39.89667631172839,18.72925925925926,37.442065972222224,6.675810185185185,755.2577546296296,81.53703703703704,4.497685185185185,37.954861111111114,3.669212962962963,25.254802959453727,25.254802959453727
2016-04-30,140.41666666666666,0.6944444444444444,21.694560185185182,37.84519097222223,19.809710648148148,39.15840856481482,23.51682291666667,36.92890625,19.801724537037035,38.09172453703704,19.467708333333334,49.33675925925925,8.902471064814815,27.51830439814815,19.364565972222223,32.45729456018519,21.972679398148145,41.28199652777778,19.27545138888889,39.41407986111111,7.4906250000000005,759.2517361111111,80.17708333333333,2.875,36.50347222222222,4.0413194444444445,25.50766089116223,25.50766089116223
2016-05-01,97.84722222222223,0.20833333333333334,21.541527777777773,37.15497685185185,20.483177083333334,36.89848958333334,22.703680555555554,35.48425347222222,20.410543981481485,35.96325925925926,19.646134259259263,47.41003472222222,8.500169753086418,20.11423611111111,19.324768518518518,29.676005787037038,22.390212962962963,39.515591435185186,19.42324074074074,38.85431712962963,7.963888888888889,765.2815972222222,69.24652777777777,3.4409722222222223,40.333333333333336,1.8774305555555557,23.698627532333678,23.698627532333678
2016-05-02,85.625,2.7777777777777777,22.09314236111111,36.742210648148145,21.55348958333333,35.62622685185185,22.654091435185183,35.80277777777778,21.80503472222222,35.48042245370371,19.962800925925922,52.67858796296296,11.686689814814816,16.597876157407406,20.038816633597882,31.663673693783064,22.88363425925926,40.9019849537037,19.724410218253965,38.54098462301587,10.198958333333334,763.1312499999999,67.14236111111111,2.2222222222222223,36.041666666666664,3.422569444444444,23.33645696126041,23.33645696126041
2016-05-03,69.72222222222223,0.625,22.53465277777778,37.75946180555556,22.123032407407408,36.31111689814814,23.14512152777778,37.20631365740741,22.553969907407406,36.6739525462963,20.683761574074072,47.189751157407414,10.824403935185186,20.435138888888886,21.298476438492067,34.75422023809524,23.11421875,41.08863425925926,20.19880357142857,39.75632762896825,10.580208333333333,763.1427083333333,67.93402777777777,3.8402777777777777,36.208333333333336,4.100694444444445,25.010195705464056,25.010195705464056
2016-05-04,78.95833333333333,1.1111111111111112,22.80525462962963,34.76091435185185,22.206765046296297,33.253454861111116,23.125295138888887,35.34354166666667,22.73579861111111,33.32669560185185,20.795636574074074,45.66879629629629,10.699444444444445,15.394380787037035,21.792327380952386,32.104300099206355,23.70295849867725,38.647381448412695,20.442533234126987,37.194952050264554,9.895833333333334,765.9076388888889,62.02430555555556,2.1840277777777777,38.541666666666664,1.884722222222222,24.843612662920755,24.843612662920755
2016-05-05,84.02777777777777,0.7638888888888888,23.166539351851853,33.06256365740741,22.875318287037036,31.07253472222222,23.440567129629628,34.81634837962963,22.720034722222223,31.97683449074074,21.181041666666665,45.61477430555556,13.454241898148146,9.855758101851851,22.32428149801587,30.958968915343917,23.41996097883598,37.901562582671964,20.734108465608468,37.155456266534394,12.8,761.1694444444444,52.43055555555556,3.2916666666666665,39.5,2.205208333333333,24.74924943210984,24.74924943210984
2016-05-06,100.76388888888889,1.1111111111111112,23.712876157407408,36.64422453703704,23.629446097883598,34.67370767195767,24.057158564814813,36.63435185185185,23.45798611111111,35.35207754629629,20.27315393518519,47.344976851851854,16.758971726190474,14.230048280423281,22.925024305555556,34.833731564153446,23.48096593915344,40.97582225529101,21.37058986441799,40.01169047619047,15.878472222222221,754.2625,59.645833333333336,3.0590277777777777,39.25,7.3218749999999995,23.108480755359373,23.108480755359373
2016-05-07,97.15277777777777,0.4166666666666667,24.54199074074074,36.54196759259259,24.749170138888886,34.30393890542328,24.985810185185183,37.15784143518519,23.9878125,36.34309143518519,21.77413773148148,52.65725694444445,19.217701967592593,8.98151876653439,23.195201554232806,33.97596106150794,24.32415343915344,40.72740112433863,22.113627976190475,40.861509011243385,18.51909722222222,751.9527777777778,50.46875,2.7152777777777777,40.0,7.030208333333333,22.806131352343883,22.806131352343883
2016-05-08,68.54166666666667,0.20833333333333334,24.709890046296294,38.87455439814815,25.23181712962963,35.36185763888889,26.022573412698414,38.12232746362434,24.66126736111111,37.14528356481482,23.194959490740743,45.37654513888889,20.78841369047619,10.01741790674603,23.94811342592593,37.241025297619046,24.617863591269842,40.785045634920635,22.91580224867725,41.99206605489419,19.372569444444444,751.4833333333332,55.958333333333336,2.7847222222222223,36.416666666666664,8.999652777777778,23.418597371427396,23.418597371427396
2016-05-09,85.06944444444444,6.597222222222222,24.871747685185184,40.146140046296296,25.09831597222222,37.141215277777775,26.346687334656085,38.02715558862434,25.076909722222222,38.52532407407407,23.328136574074072,43.431423611111114,20.06346378968254,8.012170634920635,24.168885912698414,37.8846994047619,24.377531001984128,42.43484325396825,23.482036375661373,42.53444204695767,18.519791666666666,752.4284722222222,57.84027777777778,2.642361111111111,39.083333333333336,9.679166666666667,24.35227359035505,24.35227359035505
2016-05-10,65.97222222222223,0.3472222222222222,25.02953125,46.64502893518519,24.104483796296293,46.309360945767196,26.517484953703704,41.95593675595238,25.342304563492064,44.7046287202381,23.93752893518518,55.55976273148148,18.055482638888893,36.68422354497355,24.489452380952383,43.377222470238095,25.498438988095234,50.195005208333335,23.96882266865079,47.839735945767195,16.717361111111114,750.6888888888889,85.45486111111111,2.982638888888889,34.875,14.167361111111111,25.325484154180028,25.325484154180028
2016-05-11,74.09722222222223,0.20833333333333334,25.04480324074074,48.40441550925926,24.837508404982362,46.58364236111111,26.176388227513225,44.606850446428574,25.489117724867725,45.4059623015873,23.99173611111111,56.5638136574074,18.331594990079367,36.59582531415344,24.78377132936508,43.54535788690477,26.043055555555554,50.45237268518518,23.96214236111111,47.93629489087302,17.57326388888889,747.6111111111111,78.13194444444444,2.5,36.208333333333336,13.281944444444443,23.921378580821006,23.921378580821006
2016-05-12,72.22222222222223,0.5555555555555556,25.161747685185187,47.940989583333334,24.441862103174604,47.00745610119048,26.266901620370373,44.359006696428565,25.364564484126984,44.64768824404762,23.996689814814815,52.58017939814815,17.706480985449733,33.102641121031745,24.89027587632275,42.466052496693116,25.975044642857142,49.70011681547619,24.06057986111111,47.35932043650794,16.525694444444444,744.5972222222222,78.37152777777777,1.9236111111111112,34.270833333333336,12.340972222222222,25.95651128390778,25.95651128390778
2016-05-13,168.61111111111111,3.263888888888889,25.418640046296296,45.02098958333333,25.29490972222222,42.50807159391534,27.34845618386244,40.5091691468254,25.369002314814814,43.285287863756615,24.25105324074074,51.23909722222223,17.194004629629628,26.550630787037036,25.102453703703702,39.88948495370371,25.82243716931217,46.58980208333333,24.16942013888889,44.85855406746032,16.774652777777778,747.8517361111111,73.39583333333333,4.604166666666667,34.25,11.336458333333333,24.771741390900893,24.771741390900893
2016-05-14,99.58333333333333,0.4861111111111111,24.739108796296293,35.82860532407407,23.04413921957672,35.647109705687825,24.378694113756612,33.08753422619047,24.709942625661377,34.41357175925926,23.905516451719574,44.99383630952381,10.391875,9.949826388888887,24.520104166666666,30.87008680555555,25.845420221560847,37.28478687169312,23.45155299272487,36.93037218915344,9.61736111111111,756.723611111111,63.767361111111114,5.413194444444445,33.770833333333336,2.7593750000000004,27.110537069529528,27.110537069529528
2016-05-15,104.02777777777777,3.75,23.501967592592592,36.16316550925926,21.796031250000002,36.48251959325396,24.420381117724865,35.93670767195768,23.800509259259258,34.21263888888889,23.24778802910053,40.33207754629629,9.091996527777775,21.754953703703702,23.702499999999997,29.880237268518517,25.151976438492063,36.40429117063492,22.929397652116403,36.25923148148148,8.556597222222221,761.2565972222222,72.69097222222223,3.107638888888889,39.43402777777778,3.4593749999999996,25.027275995105608,25.027275995105608
2016-05-16,100.13888888888889,2.361111111111111,23.13511574074074,38.986099537037035,21.439169146825396,38.90765914351852,24.622078042328045,36.5899908234127,23.268778935185185,35.94664351851853,22.68059556878307,43.57089219576719,11.975549603174603,25.19809209656085,23.378101851851852,31.84128835978836,24.920985284391534,38.56920304232804,22.796571263227513,39.6837494212963,10.286805555555555,760.859375,74.69444444444444,1.3333333333333333,35.02430555555556,5.344444444444445,24.28418684568088,24.28418684568088
2016-05-17,66.04166666666667,0.3472222222222222,23.375023148148145,40.228344907407404,23.30361144179894,37.86258176256614,24.394349950396826,37.654909970238094,23.434230324074075,38.20949652777778,20.392969246031747,48.186707093253965,14.616140128968254,17.762918816137564,23.258657242063492,36.48751810515873,23.617528604497355,40.64747114748677,22.704811507936505,40.374207423941805,12.494791666666666,758.3152777777777,76.28125,3.267361111111111,39.486111111111114,8.191319444444444,25.811331606786958,25.811331606786958
2016-05-18,82.22222222222223,2.2222222222222223,23.379849537037035,41.897031250000005,22.473102843915342,41.263795965608466,24.396951058201054,39.225900132275136,23.33753720238095,39.72199818121693,21.18961656746032,48.53504513888888,14.188267857142854,25.03536615410053,23.026132275132273,39.277006944444445,23.84919072420635,43.437724619708995,22.566602761243384,41.39514142416226,12.92361111111111,751.5559027777778,76.80208333333333,4.142361111111111,29.868055555555557,8.603819444444445,25.682696696943214,25.682696696943214
2016-05-19,70.0,0.20833333333333334,23.385486111111113,41.049282407407404,22.701904017857142,39.93512731481482,24.414780092592594,38.64782986111111,23.239074074074075,39.68846064814815,21.578935019841268,51.73077653769841,13.507589120370369,25.98426736111111,23.218847552910056,37.653655175264554,23.718095072751325,41.59595858134921,22.548875496031748,42.03827116402117,12.264583333333333,753.2888888888888,74.98958333333333,2.1875,33.0,7.293055555555556,25.548555044386173,25.548555044386173
2016-05-20,64.72222222222223,5.555555555555555,23.134502314814817,44.197152777777774,22.0865824239418,44.01213599537037,24.545601851851853,40.545966435185186,23.399201388888887,42.492471064814815,22.234411044973545,54.02085582010582,15.15298611111111,30.306469907407404,22.901078373015874,39.517705853174604,23.2027791005291,46.340680224867725,22.58003472222222,44.26615162037037,13.777430555555556,757.984375,81.96180555555556,3.857638888888889,36.22569444444444,10.54548611111111,25.266749609404037,25.266749609404037
2016-05-21,161.66666666666666,1.5277777777777777,23.754151936026936,47.760659196127946,23.742576303982553,45.26370504581963,25.71229219276094,42.907114898989896,23.666814627127128,45.37231606606607,22.734433093808093,50.21652274819462,20.108490365365366,22.38204861111111,23.357911594630345,42.40711113568926,23.700776845839343,50.49945296717172,22.94694981060606,47.25889507425445,17.851041666666667,755.2083333333334,74.5,4.708333333333333,35.31597222222222,12.850347222222222,25.86529367755348,25.86529367755348
2016-05-22,110.13888888888889,0.2777777777777778,24.646409406565656,51.64395885942761,23.67240302802803,51.016054544127456,26.776521464646464,45.55748579545454,23.967856338481337,48.67336845774346,22.854158506721006,53.98174122336623,18.324108014264265,39.69273148148148,23.663284117450782,45.81084703230015,25.211051857864355,52.68279587542087,23.22088649891775,50.05011749188312,15.51388888888889,750.379861111111,90.54513888888889,3.1180555555555554,35.94097222222222,13.903472222222222,24.952263818138615,24.952263818138615
2016-05-23,83.05555555555556,2.013888888888889,24.445046296296297,47.025306712962966,22.82597800925926,47.749664351851855,25.80157407407407,42.9774363425926,23.765954861111112,45.311261574074074,23.249118716931218,54.269414765211636,13.586741898148148,32.32352430555555,23.542202380952382,40.136438078703705,24.7975,47.72695023148148,23.096239583333336,46.39445241101491,12.570486111111112,755.8496527777777,84.22569444444444,4.208333333333333,46.017361111111114,9.85173611111111,24.611742609946912,24.611742609946912
2016-05-24,96.18055555555556,4.236111111111111,24.29934027777778,42.11253472222222,22.617991898148148,42.67768518518519,25.36894097222222,39.96780671296297,23.869067129629627,41.552216104497354,23.257429894179893,51.60049016203703,12.988408564814815,16.461976851851848,23.318264054232802,36.07596750992063,24.584042989417988,44.28387276785715,22.76505787037037,42.042954861111106,11.568750000000001,759.0072916666667,76.68055555555556,4.114583333333333,33.97569444444444,7.469097222222222,25.494682579382143,25.494682579382143
2016-05-25,83.88888888888889,2.5694444444444446,23.899352528258778,38.92981504028379,22.894673145141898,38.18215766293891,25.038328748797497,38.137895232082734,23.87426572270322,38.58240452140452,20.46118559102935,47.15820787487975,13.720222569250602,17.026792378146542,23.009420695045698,34.84597091199695,24.12667334054834,41.49431390542328,22.147822748579486,39.681940310081394,11.563541666666666,756.8875,74.77430555555556,1.3506944444444444,30.739583333333332,6.819097222222222,27.630188480220063,27.630188480220063
2016-05-26,147.01388888888889,3.125,24.05527131433381,42.4175113486051,24.557538430228995,38.836517353595475,26.034081138768638,38.77532632876383,24.188176406926406,40.72835821007696,21.812496347402593,53.461792974386725,18.07212214405964,17.392487824675328,23.65048634276943,38.91440333629243,23.913677023208272,44.663722718253965,22.439097222222223,43.40056320646946,14.92361111111111,756.6197916666666,74.33680555555556,1.8506944444444444,39.329861111111114,9.636458333333334,22.590179369015257,22.590179369015257
2016-05-27,136.3302752293578,0.6422018348623854,24.456330275229355,46.20800458715596,24.322729357798167,43.42028309305374,27.08769877675841,40.81168195718654,24.5314373088685,43.707752293577975,22.614938837920487,54.259655963302755,19.51928899082569,17.47551987767584,24.079589777195284,43.936675294888595,24.11430122324159,49.32716590214066,22.90627675840979,46.23232000873744,17.195412844036696,755.7848623853212,74.27522935779817,2.041284403669725,46.596330275229356,12.246330275229356,25.3324575177522,25.3324575177522
